{
  "c0": -8.289426850615188,
  "c2_d0000_0_00": -0.023999404287871957,
  "c2_d0001_0_00": 0.026595838784814137,
  "c2_d0002_0_00": 0.0067551209466074616
}