{
  "c0": 0.057057478022744704,
  "c2_d0000_0_00": 0.18408546458303301,
  "c2_d0001_0_00": 0.009366005523953778,
  "c2_d0002_0_00": 0.015363371296800838,
  "c2_d0003_0_00": 0.0028670498884859645,
  "c3_d0000_0_000": 0.00700301604525575,
  "c4_d0000_0_0000": -0.00036688147687885536,
  "c4_d0001_0_0000": 0.00016406753947849999
}